{
    "parameters": {
        "num_workers": 2,
        "num_tasks": 4,
        "max_tasks_per_worker": 2
    },
    "tasks": [
        {
            "id": 0,
            "costs": {
                "worker_0": 2.209278197011611,
                "worker_1": 8.626903632435095
            }
        },
        {
            "id": 1,
            "costs": {
                "worker_0": 7.873971570789526,
                "worker_1": 3.2956212316547955
            }
        },
        {
            "id": 2,
            "costs": {
                "worker_0": 5.458915783827469,
                "worker_1": 5.045419583098643
            }
        },
        {
            "id": 3,
            "costs": {
                "worker_0": 6.864336754504866,
                "worker_1": 8.098510160219618
            }
        }
    ]
}